{"totalKm":43.39,"bounds":{"minLat":24.15814,"maxLat":24.20938,"minLon":120.93592,"maxLon":121.00613},"trackMap":[[24.20308,121.00613,0],[24.20253,121.00303,0.32],[24.20105,121.00162,0.55],[24.19944,121.00002,0.8],[24.19794,120.99827,1.05],[24.19629,120.99563,1.38],[24.19464,120.99421,1.63],[24.19415,120.99177,1.89],[24.19221,120.99244,2.14],[24.19249,120.99121,2.28],[24.19336,120.99021,2.45],[24.1937,120.98888,2.6],[24.19492,120.98818,2.78],[24.19611,120.9892,2.96],[24.19702,120.98868,3.1],[24.19836,120.98852,3.26],[24.19935,120.98788,3.4],[24.19972,120.98638,3.56],[24.2007,120.98469,3.77],[24.20196,120.98353,3.95],[24.20374,120.98231,4.21],[24.20468,120.98121,4.39],[24.2068,120.9795,4.69],[24.20788,120.97812,4.89],[24.20824,120.97621,5.11],[24.20905,120.97473,5.3],[24.20875,120.972,5.6],[24.20697,120.97143,5.83],[24.20601,120.96969,6.04],[24.20471,120.9688,6.22],[24.20275,120.96805,6.46],[24.20113,120.96714,6.67],[24.2005,120.96572,6.85],[24.19824,120.96521,7.11],[24.19632,120.9647,7.34],[24.1943,120.96346,7.6],[24.19153,120.96412,7.93],[24.18875,120.96313,8.27],[24.18753,120.96183,8.47],[24.18715,120.95959,8.71],[24.18595,120.95796,8.93],[24.18506,120.9574,9.05],[24.1843,120.95577,9.25],[24.18382,120.95602,9.36],[24.18327,120.95629,9.46],[24.18297,120.95684,9.57],[24.18242,120.95642,9.7],[24.18208,120.95568,9.83],[24.1815,120.95451,9.97],[24.1812,120.95294,10.14],[24.18105,120.95157,10.3],[24.18124,120.95039,10.46],[24.18107,120.94986,10.65],[24.18101,120.94925,10.79],[24.18072,120.94999,10.94],[24.18068,120.9489,11.05],[24.18087,120.94767,11.2],[24.18113,120.94627,11.36],[24.1808,120.94441,11.56],[24.18077,120.94341,11.71],[24.1813,120.94257,11.86],[24.18077,120.94124,12.02],[24.18063,120.94056,12.1],[24.18017,120.94039,12.26],[24.18048,120.93874,12.44],[24.18013,120.93725,12.61],[24.17966,120.93648,12.75],[24.17883,120.936,12.9],[24.17893,120.93769,13.07],[24.17847,120.93949,13.26],[24.17715,120.93991,13.42],[24.17676,120.94083,13.56],[24.17597,120.94151,13.72],[24.17597,120.94331,13.91],[24.17572,120.94456,14.07],[24.17532,120.9434,14.24],[24.17395,120.94347,14.4],[24.17308,120.94312,14.54],[24.17238,120.94299,14.71],[24.17241,120.94216,14.9],[24.17187,120.94377,15.11],[24.17188,120.94299,15.29],[24.17282,120.94221,15.47],[24.17277,120.94278,15.63],[24.17344,120.94308,15.8],[24.1746,120.94366,15.95],[24.17522,120.94408,16.12],[24.17591,120.94398,16.29],[24.17577,120.94227,16.46],[24.17639,120.94194,16.58],[24.17707,120.94204,16.7],[24.17748,120.94262,16.79],[24.17846,120.9445,17.05],[24.17833,120.94651,17.27],[24.17824,120.94842,17.5],[24.17619,120.94941,17.77],[24.17507,120.95089,18.06],[24.17644,120.95287,18.34],[24.17701,120.95537,18.61],[24.17583,120.95685,18.86],[24.17532,120.95906,19.11],[24.17658,120.96025,19.37],[24.17789,120.962,19.62],[24.17727,120.96462,19.9],[24.1785,120.96558,20.1],[24.17908,120.9675,20.36],[24.17897,120.96975,20.59],[24.18005,120.97075,20.76],[24.18108,120.97217,20.96],[24.18054,120.97308,21.1],[24.18031,120.97406,21.23],[24.18075,120.97452,21.39],[24.18107,120.97529,21.53],[24.18147,120.97589,21.68],[24.18093,120.97735,21.85],[24.17978,120.97732,21.98],[24.17803,120.97719,22.19],[24.17656,120.97556,22.43],[24.17591,120.97386,22.62],[24.17424,120.97524,22.86],[24.17524,120.97736,23.1],[24.17435,120.97816,23.32],[24.17333,120.97746,23.54],[24.17158,120.97462,23.9],[24.17184,120.97241,24.15],[24.17043,120.97287,24.35],[24.17113,120.97127,24.55],[24.17093,120.96904,24.79],[24.17067,120.96748,24.98],[24.1703,120.9657,25.21],[24.16895,120.96582,25.38],[24.16692,120.96711,25.64],[24.16649,120.96797,25.8],[24.16581,120.96844,25.91],[24.1654,120.96826,26.06],[24.16528,120.96928,26.2],[24.16472,120.96893,26.28],[24.16399,120.96845,26.41],[24.16338,120.96758,26.53],[24.16339,120.96621,26.68],[24.16379,120.96503,26.81],[24.16301,120.96399,26.96],[24.16219,120.96305,27.11],[24.16163,120.96339,27.25],[24.1612,120.96436,27.38],[24.16103,120.9653,27.48],[24.16016,120.96603,27.61],[24.15986,120.96736,27.77],[24.15972,120.9689,27.93],[24.15887,120.9698,28.08],[24.15816,120.97109,28.24],[24.15872,120.97278,28.43],[24.15948,120.97278,28.59],[24.16078,120.97234,28.74],[24.16157,120.97227,28.85],[24.16283,120.97241,29],[24.16231,120.97197,29.11],[24.16344,120.97114,29.27],[24.16434,120.97046,29.4],[24.16362,120.96931,29.55],[24.16452,120.96899,29.68],[24.16508,120.96912,29.78],[24.16529,120.9683,29.92],[24.16579,120.96795,30.05],[24.16618,120.96804,30.18],[24.16634,120.96722,30.34],[24.16858,120.96606,30.62],[24.17015,120.9655,30.82],[24.1703,120.96748,31.03],[24.17094,120.96843,31.2],[24.17141,120.97075,31.45],[24.17043,120.97287,31.71],[24.1718,120.97233,31.9],[24.17158,120.97462,32.16],[24.17317,120.97755,32.51],[24.1743,120.97812,32.74],[24.17524,120.97736,32.96],[24.17424,120.97524,33.21],[24.17593,120.97391,33.45],[24.17656,120.97556,33.64],[24.17803,120.97719,33.88],[24.17771,120.97685,34.13],[24.17723,120.97547,34.29],[24.17628,120.97295,34.57],[24.17716,120.97183,34.79],[24.17844,120.97152,34.95],[24.17904,120.9707,35.09],[24.1789,120.96935,35.29],[24.17925,120.96682,35.55],[24.17826,120.96564,35.76],[24.17732,120.96396,36],[24.17779,120.96172,36.25],[24.17619,120.95977,36.53],[24.17518,120.95814,36.81],[24.17602,120.9567,37],[24.17661,120.95453,37.32],[24.17632,120.95228,37.56],[24.17458,120.95042,37.85],[24.17677,120.94918,38.14],[24.17817,120.9478,38.41],[24.17847,120.94614,38.61],[24.17821,120.94391,38.85],[24.17747,120.94271,39.02],[24.17695,120.9421,39.13],[24.17639,120.94194,39.24],[24.17579,120.94203,39.34],[24.17588,120.9439,39.53],[24.17543,120.94415,39.68],[24.17482,120.94362,39.85],[24.17346,120.94318,40.02],[24.17294,120.94268,40.18],[24.17271,120.94235,40.35],[24.17192,120.94278,40.55],[24.1722,120.94394,40.71]]}