{"t":{"distanceM":43392.2,"distanceKm":43.39,"gainM":2793,"lossM":2823,"maxEleM":1759.8,"minEleM":655.9,"vertRatio":64.4},"r":{"runnableM":10895,"mixedM":9696,"technicalM":10091,"bossM":10025,"totalM":40707,"runnablePct":25.1},"s":{"mean":0.02,"std":18.72,"histEdges":[-30,-20,-15,-10,-5,-2,0,2,5,10,15,20,30],"hist":[3685,2657,3365,5038,3101,2033,2677,3084,4550,2077,2101,2224],"choppiestKm":{"startKm":26.645,"endKm":27.681,"std":26.92}},"ff":[{"startKm":1.094,"endKm":1.511,"lengthM":417},{"startKm":33.825,"endKm":34.212,"lengthM":386},{"startKm":36.395,"endKm":36.815,"lengthM":420}],"p":[[0,733],[0.472,717],[0.85,715],[1.351,731],[1.729,735],[2.138,731],[2.39,786],[2.639,872],[2.924,894],[3.162,927],[3.396,971],[3.684,1105],[3.984,1248],[4.364,1356],[4.777,1478],[5.108,1616],[5.426,1732],[5.868,1732],[6.19,1668],[6.528,1579],[6.847,1582],[7.261,1639],[7.643,1587],[8.199,1533],[8.568,1601],[8.926,1637],[9.15,1605],[9.38,1553],[9.553,1487],[9.744,1438],[9.973,1411],[10.231,1393],[10.501,1355],[10.772,1319],[10.991,1294],[11.201,1251],[11.495,1240],[11.73,1223],[12.001,1192],[12.156,1158],[12.437,1105],[12.695,1063],[12.935,1018],[13.233,992],[13.471,924],[13.724,873],[14.005,852],[14.265,806],[14.518,753],[14.791,717],[15.105,697],[15.419,708],[15.676,740],[15.923,790],[16.185,839],[16.461,863],[16.643,922],[16.825,994],[17.228,1045],[17.579,1070],[18.062,1085],[18.475,1055],[18.896,1007],[19.303,979],[19.7,950],[20.101,913],[20.524,887],[20.808,906],[21.083,928],[21.305,921],[21.527,865],[21.769,815],[22.012,740],[22.385,683],[22.664,664],[23.104,658],[23.447,679],[23.93,679],[24.32,683],[24.638,671],[24.98,676],[25.311,711],[25.698,782],[25.879,831],[26.113,880],[26.28,927],[26.491,978],[26.705,985],[26.933,972],[27.166,991],[27.379,1082],[27.552,1181],[27.797,1236],[28.048,1270],[28.314,1262],[28.588,1182],[28.804,1071],[29.011,1024],[29.231,1013],[29.464,981],[29.678,942],[29.873,890],[30.081,839],[30.303,793],[30.716,719],[31.029,680],[31.342,669],[31.736,682],[32.119,679],[32.609,679],[32.964,659],[33.407,664],[33.665,682],[34.081,699],[34.417,709],[34.786,742],[35.037,825],[35.314,887],[35.736,913],[36.137,949],[36.531,979],[36.937,1007],[37.365,1053],[37.778,1084],[38.259,1069],[38.608,1045],[38.988,999],[39.145,930],[39.308,869],[39.593,848],[39.853,798],[40.094,748],[40.389,713],[40.7,701],[40.708,702]],"b":{"minLat":24.15814,"maxLat":24.20938,"minLon":120.93592,"maxLon":121.00613},"m":[[24.20308,121.00613,0,4],[24.20253,121.00303,0.32,0],[24.20105,121.00162,0.55,0],[24.19944,121.00002,0.8,0],[24.19794,120.99827,1.05,5],[24.19629,120.99563,1.38,0],[24.19464,120.99421,1.63,1],[24.19415,120.99177,1.89,1],[24.19221,120.99244,2.14,0],[24.19249,120.99121,2.28,118],[24.19336,120.99021,2.45,155],[24.1937,120.98888,2.6,282],[24.19492,120.98818,2.78,368],[24.19611,120.9892,2.96,340],[24.19702,120.98868,3.1,448],[24.19836,120.98852,3.26,573],[24.19935,120.98788,3.4,701],[24.19972,120.98638,3.56,827],[24.2007,120.98469,3.77,1023],[24.20196,120.98353,3.95,1206],[24.20374,120.98231,4.21,1435],[24.20468,120.98121,4.39,1588],[24.2068,120.9795,4.69,1879],[24.20788,120.97812,4.89,2062],[24.20824,120.97621,5.11,2012],[24.20905,120.97473,5.3,1924],[24.20875,120.972,5.6,1877],[24.20697,120.97143,5.83,1825],[24.20601,120.96969,6.04,1655],[24.20471,120.9688,6.22,1532],[24.20275,120.96805,6.46,1405],[24.20113,120.96714,6.67,1291],[24.2005,120.96572,6.85,1144],[24.19824,120.96521,7.11,1119],[24.19632,120.9647,7.34,1136],[24.1943,120.96346,7.6,1136],[24.19153,120.96412,7.93,1318],[24.18875,120.96313,8.27,1312],[24.18753,120.96183,8.47,1251],[24.18715,120.95959,8.71,1084],[24.18595,120.95796,8.93,1018],[24.18506,120.9574,9.05,1040],[24.1843,120.95577,9.25,995],[24.18382,120.95602,9.36,1053],[24.18327,120.95629,9.46,1118],[24.18297,120.95684,9.57,1178],[24.18242,120.95642,9.7,1204],[24.18208,120.95568,9.83,1192],[24.1815,120.95451,9.97,1176],[24.1812,120.95294,10.14,1124],[24.18105,120.95157,10.3,1005],[24.18124,120.95039,10.46,933],[24.18107,120.94986,10.65,883],[24.18101,120.94925,10.79,838],[24.18072,120.94999,10.94,863],[24.18068,120.9489,11.05,787],[24.18087,120.94767,11.2,734],[24.18113,120.94627,11.36,703],[24.1808,120.94441,11.56,617],[24.18077,120.94341,11.71,605],[24.1813,120.94257,11.86,588],[24.18077,120.94124,12.02,640],[24.18063,120.94056,12.1,652],[24.18017,120.94039,12.26,615],[24.18048,120.93874,12.44,623],[24.18013,120.93725,12.61,576],[24.17966,120.93648,12.75,584],[24.17883,120.936,12.9,562],[24.17893,120.93769,13.07,596],[24.17847,120.93949,13.26,522],[24.17715,120.93991,13.42,399],[24.17676,120.94083,13.56,297],[24.17597,120.94151,13.72,195],[24.17597,120.94331,13.91,71],[24.17572,120.94456,14.07,81],[24.17532,120.9434,14.24,0],[24.17395,120.94347,14.4,0],[24.17308,120.94312,14.54,1],[24.17238,120.94299,14.71,0],[24.17241,120.94216,14.9,0],[24.17187,120.94377,15.11,0],[24.17188,120.94299,15.29,0],[24.17282,120.94221,15.47,0],[24.17277,120.94278,15.63,1],[24.17344,120.94308,15.8,0],[24.1746,120.94366,15.95,1],[24.17522,120.94408,16.12,9],[24.17591,120.94398,16.29,86],[24.17577,120.94227,16.46,115],[24.17639,120.94194,16.58,182],[24.17707,120.94204,16.7,233],[24.17748,120.94262,16.79,249],[24.17846,120.9445,17.05,366],[24.17833,120.94651,17.27,433],[24.17824,120.94842,17.5,560],[24.17619,120.94941,17.77,554],[24.17507,120.95089,18.06,692],[24.17644,120.95287,18.34,784],[24.17701,120.95537,18.61,742],[24.17583,120.95685,18.86,570],[24.17532,120.95906,19.11,505],[24.17658,120.96025,19.37,600],[24.17789,120.962,19.62,657],[24.17727,120.96462,19.9,408],[24.1785,120.96558,20.1,468],[24.17908,120.9675,20.36,454],[24.17897,120.96975,20.59,385],[24.18005,120.97075,20.76,517],[24.18108,120.97217,20.96,595],[24.18054,120.97308,21.1,487],[24.18031,120.97406,21.23,402],[24.18075,120.97452,21.39,392],[24.18107,120.97529,21.53,364],[24.18147,120.97589,21.68,370],[24.18093,120.97735,21.85,263],[24.17978,120.97732,21.98,147],[24.17803,120.97719,22.19,0],[24.17656,120.97556,22.43,1],[24.17591,120.97386,22.62,3],[24.17424,120.97524,22.86,1],[24.17524,120.97736,23.1,0],[24.17435,120.97816,23.32,0],[24.17333,120.97746,23.54,0],[24.17158,120.97462,23.9,1],[24.17184,120.97241,24.15,0],[24.17043,120.97287,24.35,0],[24.17113,120.97127,24.55,7],[24.17093,120.96904,24.79,0],[24.17067,120.96748,24.98,0],[24.1703,120.9657,25.21,1],[24.16895,120.96582,25.38,0],[24.16692,120.96711,25.64,0],[24.16649,120.96797,25.8,47],[24.16581,120.96844,25.91,120],[24.1654,120.96826,26.06,124],[24.16528,120.96928,26.2,72],[24.16472,120.96893,26.28,142],[24.16399,120.96845,26.41,189],[24.16338,120.96758,26.53,202],[24.16339,120.96621,26.68,213],[24.16379,120.96503,26.81,255],[24.16301,120.96399,26.96,392],[24.16219,120.96305,27.11,378],[24.16163,120.96339,27.25,390],[24.1612,120.96436,27.38,469],[24.16103,120.9653,27.48,491],[24.16016,120.96603,27.61,489],[24.15986,120.96736,27.77,465],[24.15972,120.9689,27.93,501],[24.15887,120.9698,28.08,476],[24.15816,120.97109,28.24,526],[24.15872,120.97278,28.43,706],[24.15948,120.97278,28.59,636],[24.16078,120.97234,28.74,486],[24.16157,120.97227,28.85,398],[24.16283,120.97241,29,264],[24.16231,120.97197,29.11,313],[24.16344,120.97114,29.27,194],[24.16434,120.97046,29.4,149],[24.16362,120.96931,29.55,239],[24.16452,120.96899,29.68,157],[24.16508,120.96912,29.78,99],[24.16529,120.9683,29.92,126],[24.16579,120.96795,30.05,96],[24.16618,120.96804,30.18,70],[24.16634,120.96722,30.34,0],[24.16858,120.96606,30.62,0],[24.17015,120.9655,30.82,0],[24.1703,120.96748,31.03,1],[24.17094,120.96843,31.2,1],[24.17141,120.97075,31.45,0],[24.17043,120.97287,31.71,0],[24.1718,120.97233,31.9,0],[24.17158,120.97462,32.16,1],[24.17317,120.97755,32.51,0],[24.1743,120.97812,32.74,0],[24.17524,120.97736,32.96,0],[24.17424,120.97524,33.21,1],[24.17593,120.97391,33.45,0],[24.17656,120.97556,33.64,1],[24.17803,120.97719,33.88,0],[24.17771,120.97685,34.13,0],[24.17723,120.97547,34.29,67],[24.17628,120.97295,34.57,99],[24.17716,120.97183,34.79,247],[24.17844,120.97152,34.95,367],