{"totalKm":19.75,"bounds":{"minLat":25.0816,"maxLat":25.10941,"minLon":121.81459,"maxLon":121.85508},"trackMap":[[25.10792,121.81459,0,3],[25.10807,121.81582,0.13,1],[25.1079,121.81649,0.2,7],[25.1075,121.8171,0.27,0],[25.10694,121.81755,0.35,1],[25.10606,121.81807,0.46,1],[25.10472,121.81913,0.65,0],[25.10357,121.82067,0.85,0],[25.10299,121.82151,0.95,0],[25.1029,121.82181,0.99,1],[25.10238,121.82248,1.08,0],[25.10211,121.82287,1.13,0],[25.10212,121.82298,1.14,4],[25.10249,121.82353,1.21,0],[25.10342,121.82424,1.34,0],[25.10375,121.82443,1.38,0],[25.1049,121.82594,1.58,0],[25.1051,121.82605,1.6,0],[25.10524,121.82632,1.63,1],[25.10551,121.82566,1.72,60],[25.10597,121.82593,1.78,79],[25.10551,121.82659,1.87,26],[25.10514,121.82752,1.98,118],[25.10426,121.82898,2.16,160],[25.10349,121.82973,2.27,86],[25.10285,121.83008,2.35,75],[25.10162,121.83094,2.51,0],[25.10121,121.83119,2.57,1],[25.09989,121.83228,2.75,0],[25.09865,121.83288,2.9,25],[25.09763,121.83294,3.02,0],[25.09598,121.83235,3.21,1],[25.0942,121.83179,3.42,0],[25.09291,121.83167,3.56,1],[25.09181,121.83137,3.69,0],[25.09148,121.83219,3.78,0],[25.0919,121.8324,3.83,0],[25.09255,121.83282,3.92,0],[25.09212,121.83344,4,0],[25.0919,121.83398,4.06,0],[25.09109,121.83605,4.29,2],[25.09085,121.83657,4.35,0],[25.09055,121.83694,4.41,22],[25.09013,121.83699,4.46,69],[25.08964,121.83713,4.51,125],[25.08909,121.83731,4.58,188],[25.08865,121.83772,4.64,247],[25.08841,121.83812,4.69,287],[25.0881,121.83847,4.76,333],[25.08804,121.83876,4.8,331],[25.0877,121.83803,4.93,314],[25.08716,121.8384,5,339],[25.08679,121.8386,5.07,357],[25.08587,121.83958,5.21,462],[25.08551,121.84013,5.28,473],[25.08519,121.84094,5.37,384],[25.08453,121.84138,5.47,318],[25.08365,121.8417,5.58,238],[25.0824,121.8418,5.72,154],[25.08208,121.84186,5.8,123],[25.08181,121.84185,5.86,105],[25.08182,121.84205,5.88,89],[25.08188,121.84242,5.96,72],[25.08265,121.8432,6.08,59],[25.08346,121.84341,6.17,89],[25.08372,121.84372,6.22,72],[25.08466,121.84407,6.33,89],[25.08517,121.84461,6.42,63],[25.08628,121.84512,6.55,53],[25.0869,121.84551,6.63,32],[25.08754,121.84608,6.72,31],[25.08855,121.84692,6.87,16],[25.08922,121.84751,6.96,11],[25.08926,121.84827,7.04,8],[25.08925,121.84874,7.09,0],[25.08919,121.84959,7.18,54],[25.089,121.85,7.22,101],[25.0889,121.85087,7.31,186],[25.08885,121.85142,7.38,240],[25.08932,121.8516,7.44,250],[25.08989,121.85164,7.5,257],[25.09042,121.85166,7.56,248],[25.09103,121.8517,7.63,217],[25.09136,121.85224,7.7,257],[25.09177,121.85239,7.75,265],[25.09227,121.85266,7.81,294],[25.09291,121.85267,7.89,301],[25.09339,121.85292,7.95,293],[25.0936,121.85327,8.01,300],[25.09352,121.85352,8.03,312],[25.09365,121.85364,8.05,294],[25.09409,121.85351,8.11,258],[25.09422,121.85325,8.14,256],[25.09432,121.85327,8.16,251],[25.09437,121.85331,8.17,244],[25.09442,121.85345,8.19,231],[25.09465,121.85357,8.24,203],[25.09464,121.85369,8.25,197],[25.09483,121.8539,8.29,168],[25.09488,121.85388,8.3,164],[25.09491,121.85398,8.31,156],[25.09508,121.85382,8.34,150],[25.0951,121.85408,8.37,133],[25.09527,121.8543,8.4,105],[25.09555,121.85456,8.44,65],[25.09571,121.85493,8.48,32],[25.09593,121.85507,8.51,7],[25.09609,121.85481,8.55,0],[25.09661,121.85432,8.63,0],[25.09675,121.85382,8.68,0],[25.097,121.8534,8.73,1],[25.09736,121.85319,8.77,0],[25.09761,121.85317,8.8,0],[25.0979,121.85277,8.86,1],[25.09804,121.85237,8.9,0],[25.09819,121.85195,8.95,0],[25.09809,121.85168,8.98,0],[25.09829,121.85147,9.01,1],[25.09916,121.85068,9.14,0],[25.09953,121.85051,9.18,1],[25.10001,121.85085,9.25,0],[25.10046,121.85146,9.33,0],[25.10072,121.85152,9.36,1],[25.10078,121.85118,9.39,1],[25.10062,121.85073,9.44,0],[25.10066,121.85035,9.48,1],[25.10104,121.84952,9.58,0],[25.10129,121.84961,9.61,0],[25.10147,121.84933,9.64,1],[25.10145,121.84908,9.67,1],[25.10107,121.84889,9.72,0],[25.10041,121.84824,9.81,1],[25.09966,121.84801,9.9,0],[25.09935,121.8479,9.95,0],[25.09931,121.84725,10.01,0],[25.09902,121.84668,10.08,0],[25.09887,121.84599,10.15,0],[25.09846,121.84553,10.22,0],[25.09839,121.84576,10.25,1],[25.09858,121.84635,10.32,0],[25.09855,121.84679,10.36,1],[25.09839,121.8476,10.45,1],[25.09742,121.8476,10.59,38],[25.09739,121.84744,10.61,33],[25.09721,121.84725,10.64,19],[25.09712,121.84724,10.65,10],[25.09697,121.84729,10.67,8],[25.0967,121.84715,10.71,41],[25.09643,121.84689,10.75,80],[25.09613,121.84699,10.79,106],[25.0958,121.84682,10.83,146],[25.09543,121.84679,10.87,187],[25.09536,121.84689,10.89,192],[25.09531,121.84698,10.92,190],[25.09528,121.84707,10.93,185],[25.09499,121.84677,10.98,229],[25.09457,121.84663,11.03,263],[25.0945,121.84621,11.07,302],[25.09418,121.84573,11.14,344],[25.09365,121.84522,11.22,277],[25.09319,121.84485,11.29,214],[25.09299,121.84456,11.32,179],[25.09233,121.84366,11.44,78],[25.09175,121.84335,11.52,29],[25.09116,121.84264,11.61,23],[25.09116,121.84224,11.67,0],[25.09121,121.84178,11.71,0],[25.09108,121.84053,11.84,1],[25.09093,121.83956,11.94,0],[25.09126,121.83825,12.08,1],[25.09113,121.83745,12.16,0],[25.09128,121.8369,12.22,0],[25.09151,121.83638,12.28,1],[25.0914,121.83627,12.3,1],[25.09123,121.83641,12.33,1],[25.09108,121.83675,12.36,1],[25.09089,121.83682,12.39,1],[25.09096,121.83626,12.45,1],[25.09168,121.83458,12.64,16],[25.09212,121.83344,12.76,0],[25.09255,121.83282,12.84,0],[25.09369,121.83318,12.98,0],[25.09413,121.83331,13.03,1],[25.09521,121.83362,13.16,1],[25.09627,121.83391,13.28,1],[25.09731,121.83397,13.39,8],[25.09738,121.83396,13.4,1],[25.09715,121.83428,13.44,0],[25.09675,121.83478,13.51,1],[25.09651,121.83491,13.54,1],[25.09669,121.83535,13.59,1],[25.09696,121.83606,13.67,4],[25.09728,121.83672,13.75,19],[25.09742,121.83706,13.79,56],[25.09728,121.83766,13.86,109],[25.09751,121.83825,13.93,172],[25.09779,121.83826,13.97,182],[25.09865,121.83818,14.09,230],[25.09973,121.8389,14.25,368],[25.10025,121.83935,14.33,442],[25.10056,121.83961,14.38,462],[25.10084,121.83965,14.41,465],[25.10119,121.83961,14.45,480],[25.10145,121.8396,14.48,491],[25.10155,121.83888,14.58,501],[25.10164,121.83853,14.61,471],[25.10226,121.83873,14.69,514],[25.1025,121.83886,14.72,536],[25.10286,121.83886,14.76,503],[25.10317,121.8389,14.8,472],[25.10338,121.83938,14.85,425],[25.10349,121.8392,14.88,426],[25.10432,121.83877,15.02,388],[25.10458,121.83885,15.05,364],[25.10499,121.83906,15.1,320],[25.10521,121.83904,15.13,309],[25.10551,121.83922,15.17,278],[25.10597,121.8393,15.22,243],[25.10666,121.83941,15.3,177],[25.10717,121.83952,15.36,127],[25.10803,121.83934,15.46,42],[25.10805,121.83949,15.48,53],[25.10771,121.84008,15.55,68],[25.10792,121.84023,15.59,44],[25.1082,121.84031,15.62,20],[25.10851,121.84027,15.69,0],[25.10866,121.83979,15.74,20],[25.10871,121.83947,15.78,1],[25.10842,121.83918,15.82,5],[25.10809,121.83861,15.89,1],[25.10818,121.83823,15.93,13],[25.10844,121.83773,15.99,12],[25.10863,121.83724,16.06,30],[25.10882,121.83673,16.12,26],[25.10872,121.8362,16.18,56],[25.10893,121.83611,16.21,45],[25.10907,121.83576,16.25,71],[25.10934,121.83547,16.29,66],[25.10923,121.83503,16.35,102],[25.10892,121.8349,16.39,137],[25.10864,121.83469,16.43,174],[25.10842,121.83468,16.45,195],[25.10812,121.83468,16.5,214],[25.10833,121.83345,16.62,113],[25.10835,121.83288,16.68,100],[25.10853,121.83182,16.79,101],[25.10855,121.83107,16.87,85],[25.10871,121.82994,16.98,88],[25.10885,121.82917,17.06,66],[25.10887,121.82867,17.11,88],[25.10884,121.82843,17.16,90],[25.1084,121.82903,17.24,108],[25.10825,121.82956,17.3,88],[25.10786,121.82961,17.37,45],[25.10748,121.82839,17.5,51],[25.10731,121.82802,17.55,44],[25.10727,121.82786,17.57,42],[25.10713,121.82781,17.6,26],[25.10707,121.8275,17.63,18],[25.10695,121.82722,17.68,0],[25.10689,121.82617,17.79,9],[25.10661,121.82532,17.88,0],[25.10656,121.82424,17.99,0],[25.10682,121.82396,18.03,0],[25.10701,121.82358,18.09,0],[25.10696,121.82311,18.14,0],[25.1068,121.82238,18.21,0],[25.10714,121.82178,18.29,0],[25.10712,121.82147,18.33,8],[25.10657,121.82142,18.39,5],[25.10575,121.82162,