{"totalKm":30.36,"bounds":{"minLat":25.08123,"maxLat":25.10941,"minLon":121.81444,"maxLon":121.86793},"trackMap":[[25.10785,121.81444,0,2],[25.10777,121.81677,0.25,1],[25.10567,121.81831,0.53,0],[25.10357,121.82067,0.86,0],[25.10277,121.82206,1.03,1],[25.10214,121.82302,1.16,1],[25.1037,121.82439,1.39,0],[25.10494,121.82598,1.6,0],[25.1058,121.82583,1.75,72],[25.1049,121.82823,2.04,177],[25.10293,121.83004,2.33,74],[25.1002,121.83204,2.69,0],[25.09671,121.83261,3.11,0],[25.0929,121.83167,3.55,1],[25.09152,121.8321,3.75,0],[25.09225,121.83328,3.97,0],[25.09141,121.83533,4.2,1],[25.09047,121.83695,4.41,31],[25.08895,121.83741,4.58,206],[25.08841,121.83812,4.68,287],[25.0877,121.83803,4.92,314],[25.08628,121.83913,5.13,413],[25.08537,121.84064,5.32,419],[25.08365,121.8417,5.56,238],[25.08219,121.84211,5.76,117],[25.0816,121.84206,5.9,74],[25.08359,121.84346,6.18,94],[25.08488,121.84451,6.37,71],[25.0869,121.84551,6.62,32],[25.08859,121.84695,6.86,12],[25.08925,121.84874,7.08,0],[25.089,121.85,7.21,101],[25.08895,121.85147,7.37,243],[25.09019,121.8516,7.52,251],[25.09124,121.85194,7.65,231],[25.09227,121.85266,7.8,294],[25.09357,121.85298,7.95,282],[25.09364,121.85361,8.04,296],[25.09422,121.85338,8.11,253],[25.09432,121.85333,8.15,247],[25.09465,121.85357,8.22,203],[25.09485,121.85388,8.28,167],[25.09499,121.85391,8.31,153],[25.09527,121.8543,8.39,105],[25.09586,121.85506,8.49,14],[25.09568,121.855,8.52,34],[25.09515,121.85492,8.58,94],[25.09543,121.85523,8.64,65],[25.09496,121.85555,8.7,121],[25.09394,121.85586,8.82,238],[25.09363,121.85606,8.86,276],[25.09279,121.85619,8.96,370],[25.09189,121.85637,9.08,472],[25.09134,121.85631,9.14,502],[25.09113,121.85684,9.2,464],[25.09085,121.85658,9.25,503],[25.09047,121.857,9.31,492],[25.08959,121.85735,9.43,533],[25.08903,121.85721,9.5,558],[25.08828,121.85711,9.59,474],[25.08773,121.85681,9.68,410],[25.08672,121.85616,9.82,297],[25.08556,121.85617,9.95,169],[25.08453,121.85608,10.07,64],[25.08356,121.85615,10.2,3],[25.08352,121.85685,10.3,1],[25.08272,121.85653,10.42,0],[25.08251,121.8566,10.49,4],[25.08213,121.8568,10.59,6],[25.08178,121.85694,10.73,0],[25.08154,121.85791,10.88,43],[25.08127,121.85982,11.09,236],[25.08158,121.86199,11.37,453],[25.08259,121.86362,11.59,630],[25.083,121.8637,11.74,648],[25.08429,121.86452,11.91,774],[25.08679,121.86708,12.3,676],[25.08764,121.86709,12.5,582],[25.08728,121.8649,12.74,686],[25.08964,121.86202,13.18,410],[25.09203,121.86276,13.49,218],[25.09282,121.86144,13.65,60],[25.09238,121.86054,13.77,94],[25.09346,121.86037,13.89,58],[25.09507,121.85994,14.08,141],[25.09719,121.85993,14.32,1],[25.09814,121.85974,14.44,0],[25.0982,121.85917,14.5,0],[25.09867,121.85774,14.68,1],[25.09885,121.85698,14.77,26],[25.09897,121.85741,14.84,19],[25.0999,121.85804,14.98,110],[25.09928,121.85756,15.09,56],[25.10044,121.85769,15.24,178],[25.10003,121.85732,15.32,137],[25.10047,121.85711,15.44,188],[25.10089,121.85716,15.48,233],[25.10098,121.85712,15.5,244],[25.10088,121.85698,15.52,235],[25.10024,121.85691,15.59,167],[25.1002,121.8568,15.6,166],[25.10031,121.85671,15.62,180],[25.10073,121.85677,15.66,223],[25.10119,121.85665,15.72,227],[25.10146,121.85665,15.75,234],[25.10173,121.85678,15.8,256],[25.10237,121.85722,15.88,328],[25.10279,121.85773,15.96,396],[25.10238,121.85874,16.07,386],[25.10182,121.85949,16.17,341],[25.10195,121.86021,16.25,383],[25.10255,121.86063,16.34,462],[25.10259,121.86034,16.37,453],[25.10344,121.85934,16.55,473],[25.10376,121.85921,16.6,458],[25.1039,121.8591,16.62,441],[25.10424,121.85908,16.66,411],[25.10456,121.85912,16.7,389],[25.10488,121.85925,16.74,374],[25.10531,121.85945,16.8,342],[25.10598,121.85905,16.89,292],[25.10705,121.85859,17.01,175],[25.10736,121.85819,17.12,125],[25.10806,121.85812,17.21,58],[25.10843,121.8577,17.28,0],[25.10836,121.85696,17.36,40],[25.10725,121.857,17.51,58],[25.10651,121.85699,17.6,84],[25.10561,121.85714,17.7,171],[25.10416,121.85772,17.88,340],[25.10354,121.85698,18.01,364],[25.10316,121.85646,18.08,300],[25.10234,121.85585,18.21,219],[25.10126,121.85559,18.34,125],[25.10094,121.85537,18.39,95],[25.10074,121.85488,18.44,45],[25.10079,121.85444,18.49,1],[25.10028,121.85392,18.57,1],[25.09964,121.85385,18.65,42],[25.09931,121.854,18.69,82],[25.09899,121.85422,18.73,123],[25.09838,121.85422,18.81,136],[25.09793,121.85447,18.87,131],[25.09768,121.85465,18.91,106],[25.09697,121.85485,19,61],[25.09609,121.85482,19.14,1],[25.09689,121.85354,19.31,1],[25.09743,121.85321,19.38,1],[25.098,121.85245,19.49,1],[25.09809,121.85168,19.57,0],[25.09901,121.85084,19.71,23],[25.10001,121.85085,19.84,0],[25.10076,121.85146,19.96,0],[25.10062,121.8505,20.06,0],[25.10129,121.84961,20.2,0],[25.10137,121.84902,20.28,0],[25.10027,121.84817,20.43,0],[25.09933,121.84743,20.59,1],[25.09887,121.84599,20.75,0],[25.09854,121.84606,20.88,0],[25.09861,121.84696,20.98,1],[25.09735,121.84729,21.22,31],[25.09704,121.8473,21.26,0],[25.09653,121.84696,21.33,66],[25.0958,121.84682,21.43,146],[25.09528,121.84684,21.5,201],[25.09503,121.84686,21.56,220],[25.0945,121.84621,21.67,302],[25.0935,121.84505,21.84,254],[25.0925,121.84385,22.01,100],[25.09151,121.84299,22.16,42],[25.09121,121.84178,22.31,0],[25.09108,121.83894,22.61,0],[25.09115,121.83722,22.78,9],[25.09149,121.83632,22.89,0],[25.09108,121.83675,22.96,1],[25.0911,121.83603,23.08,1],[25.09242,121.833,23.42,0],[25.09413,121.83331,23.63,1],[25.0968,121.83396,23.93,0],[25.09719,121.83425,24.03,0],[25.09651,121.83491,24.14,1],[25.097,121.83618,24.28,17],[25.09729,121.83728,24.41,71],[25.09769,121.83833,24.55,185],[25.09973,121.8389,24.85,368],[25.10042,121.83948,24.95,465],[25.10116,121.83962,25.04,478],[25.10187,121.83847,25.24,473],[25.10278,121.83884,25.35,511],[25.10328,121.83917,25.43,446],[25.10432,121.83877,25.62,388],[25.10487,121.83898,25.69,334],[25.10589,121.83935,25.81,245],[25.10717,121.83952,25.96,127],[25.10777,121.83988,26.13,82],[25.10809,121.84031,26.21,25],[25.10854,121.84017,26.3,1],[25.1082,121.83896,26.46,1],[25.10818,121.83823,26.53,13],[25.1086,121.83709,26.68,30],[25.10893,121.83611,26.81,45],[25.10941,121.8353,26.91,69],[25.10883,121.83476,27.01,154],[25.10817,121.83446,27.12,193],[25.10853,121.83182,27.39,101],[25.10874,121.82954,27.62,73],[25.10896,121.82839,27.74,76],[25.10825,121.82956,27.9,88],[25.10737,121.82831,28.12,38],[25.10713,121.82781,28.2,26],[25.10697,121.8268,28.32,0],[25.1066,121.82467,28.54,0],[25.10701,121.82358,28.69,0],[25.10687,121.82211,28.84,0],[25.1067,121.82138,28.98,1],[25.10492,121.82189,29.18,0],[25.1037,121.8222,29.33,1],[25.10376,121.82159,29.39,6],[25.10625,121.81894,29.78,0],[25.10645,121.81791,29.92,5],[25.10777,121.81677,30.12,1],[25.10788,121.81448,30.36,3]],"roadCount":780}