{"totalKm":12.23,"bounds":{"minLat":24.93081897497177,"maxLat":24.949566023424268,"minLon":121.6857619676739,"maxLon":121.71581503003836},"trackMap":[[24.93612,121.71191,0],[24.93605,121.7123,0.04],[24.93637,121.71261,0.09],[24.93595,121.7128,0.14],[24.93547,121.71295,0.2],[24.9351,121.71281,0.25],[24.93476,121.71245,0.3],[24.93448,121.71202,0.35],[24.93426,121.71159,0.4],[24.9339,121.71133,0.45],[24.93356,121.71112,0.5],[24.93325,121.71147,0.55],[24.93306,121.71189,0.6],[24.93285,121.71229,0.65],[24.93241,121.71247,0.7],[24.932,121.71266,0.75],[24.93172,121.71293,0.8],[24.93155,121.7134,0.85],[24.9315,121.71387,0.9],[24.93169,121.71423,0.94],[24.93194,121.7147,0.99],[24.93187,121.71507,1.04],[24.93157,121.7155,1.09],[24.93113,121.71561,1.14],[24.93082,121.71573,1.19],[24.93129,121.71582,1.24],[24.9317,121.71558,1.3],[24.932,121.71516,1.35],[24.93214,121.71473,1.4],[24.9319,121.7143,1.45],[24.9317,121.71379,1.51],[24.93169,121.71327,1.56],[24.93205,121.71298,1.61],[24.9325,121.7131,1.67],[24.93277,121.71272,1.72],[24.9333,121.71264,1.77],[24.93346,121.71215,1.83],[24.9334,121.71164,1.88],[24.9336,121.71125,1.93],[24.93403,121.71139,1.98],[24.9345,121.71151,2.03],[24.935,121.7115,2.09],[24.93489,121.71119,2.13],[24.93467,121.71077,2.18],[24.93448,121.71025,2.23],[24.93429,121.70979,2.28],[24.93418,121.70932,2.33],[24.93405,121.70881,2.39],[24.93406,121.70831,2.44],[24.93414,121.70778,2.49],[24.93417,121.70728,2.54],[24.93416,121.70674,2.6],[24.93424,121.70622,2.65],[24.9345,121.70567,2.71],[24.93471,121.70538,2.75],[24.93499,121.70484,2.82],[24.93525,121.70439,2.87],[24.93541,121.70428,2.89],[24.93497,121.70413,2.95],[24.93499,121.70375,2.99],[24.93517,121.70328,3.04],[24.93548,121.70283,3.1],[24.9357,121.70228,3.16],[24.93583,121.70168,3.22],[24.93592,121.70106,3.29],[24.93587,121.70066,3.33],[24.93568,121.70017,3.38],[24.9352,121.6999,3.44],[24.93471,121.69975,3.5],[24.93437,121.69946,3.55],[24.93422,121.69917,3.59],[24.93404,121.69869,3.64],[24.93377,121.69822,3.7],[24.93343,121.69784,3.75],[24.933,121.69752,3.81],[24.93265,121.6972,3.86],[24.9326,121.69666,3.92],[24.93265,121.69611,3.97],[24.93263,121.69564,4.02],[24.93284,121.69516,4.07],[24.93307,121.69472,4.12],[24.9334,121.69422,4.19],[24.93386,121.69398,4.24],[24.93409,121.69356,4.3],[24.934,121.69305,4.35],[24.93385,121.69255,4.4],[24.93375,121.69194,4.46],[24.9336,121.69143,4.52],[24.93326,121.69111,4.57],[24.93291,121.6908,4.62],[24.9328,121.69029,4.67],[24.93272,121.68966,4.74],[24.93262,121.68916,4.79],[24.93277,121.68858,4.85],[24.93313,121.68811,4.92],[24.93358,121.68793,4.97],[24.93414,121.68799,5.03],[24.93458,121.6883,5.09],[24.93495,121.6886,5.14],[24.93535,121.68886,5.19],[24.9358,121.68917,5.25],[24.93616,121.68951,5.3],[24.93643,121.6893,5.35],[24.93678,121.68959,5.39],[24.93709,121.69004,5.45],[24.93741,121.69046,5.51],[24.93779,121.69029,5.57],[24.93759,121.68983,5.62],[24.93732,121.68935,5.68],[24.9372,121.68872,5.74],[24.93736,121.68836,5.79],[24.93705,121.688,5.84],[24.93691,121.68747,5.89],[24.9372,121.68687,5.96],[24.93764,121.68648,6.02],[24.93803,121.68615,6.08],[24.93857,121.68608,6.14],[24.93889,121.68612,6.18],[24.93891,121.68576,6.22],[24.93931,121.68583,6.27],[24.93971,121.68596,6.32],[24.94015,121.68623,6.37],[24.9406,121.68638,6.43],[24.94111,121.68644,6.48],[24.94166,121.6865,6.54],[24.94218,121.68655,6.6],[24.94269,121.68661,6.66],[24.94318,121.68676,6.72],[24.9437,121.687,6.78],[24.94416,121.68711,6.83],[24.94464,121.68724,6.89],[24.94506,121.68744,6.94],[24.94545,121.68772,6.99],[24.94594,121.68803,7.05],[24.94642,121.68806,7.11],[24.94698,121.68787,7.17],[24.94747,121.68771,7.23],[24.94796,121.68769,7.29],[24.94844,121.6877,7.34],[24.94892,121.6876,7.39],[24.94937,121.68747,7.44],[24.94951,121.68758,7.49],[24.9493,121.68804,7.54],[24.94899,121.68845,7.59],[24.94903,121.68899,7.65],[24.94871,121.68938,7.71],[24.94853,121.68979,7.75],[24.94829,121.6902,7.8],[24.94836,121.68999,7.83],[24.94851,121.68958,7.87],[24.94807,121.68975,7.93],[24.94765,121.69003,7.98],[24.94744,121.69039,8.02],[24.94728,121.69111,8.1],[24.94704,121.69158,8.16],[24.94672,121.69206,8.22],[24.94635,121.69249,8.28],[24.94599,121.69287,8.33],[24.94578,121.6933,8.38],[24.94567,121.69371,8.43],[24.94562,121.69431,8.49],[24.94521,121.69461,8.54],[24.94475,121.69481,8.6],[24.94488,121.69528,8.65],[24.94482,121.6958,8.7],[24.94478,121.69607,8.73],[24.94462,121.69657,8.79],[24.94451,121.69705,8.84],[24.94469,121.69753,8.89],[24.94479,121.69768,8.93],[24.94492,121.69826,8.99],[24.94504,121.699,9.06],[24.94527,121.69956,9.12],[24.94546,121.69994,9.18],[24.94528,121.70043,9.23],[24.94477,121.70078,9.3],[24.94434,121.70104,9.36],[24.94414,121.70138,9.4],[24.9439,121.70192,9.46],[24.94351,121.70234,9.52],[24.94331,121.70279,9.57],[24.94282,121.70276,9.63],[24.94256,121.7029,9.67],[24.94295,121.70341,9.74],[24.94298,121.70353,9.78],[24.94278,121.704,9.83],[24.94277,121.70454,9.88],[24.94286,121.70509,9.94],[24.94325,121.70534,9.99],[24.94329,121.70485,10.05],[24.9436,121.70529,10.1],[24.94394,121.70563,10.16],[24.9442,121.70537,10.2],[24.94413,121.70576,10.24],[24.94426,121.7063,10.3],[24.94392,121.70653,10.35],[24.94366,121.70683,10.41],[24.94361,121.70733,10.46],[24.94332,121.70775,10.52],[24.94287,121.708,10.57],[24.94268,121.70853,10.63],[24.94247,121.70897,10.69],[24.94224,121.70922,10.72],[24.94205,121.70987,10.79],[24.94194,121.71036,10.84],[24.94154,121.71067,10.9],[24.94099,121.71046,10.96],[24.9405,121.71048,11.02],[24.94001,121.71081,11.08],[24.93949,121.71107,11.15],[24.93933,121.71144,11.19],[24.93891,121.71175,11.25],[24.93843,121.71195,11.31],[24.93793,121.71167,11.37],[24.9376,121.71146,11.42],[24.93708,121.71167,11.48],[24.93662,121.71198,11.54],[24.93615,121.71198,11.59]]}